Name,Category,Ingredients,Instructions
Savory Spinach Delight;Dinner;Sour cream, Mayonnaise, Knorr vegetable mix, Scallions, Spinach, Water chestnuts;In a large bowl, combine sour cream, mayonnaise, water chestnuts, scallions, and Knorr mix. Stir to combine. Stir in spinach, using a spoon or spatula to break up and distribute any clumps of spinach. Cover and chill at least 2 hours or overnight. Serve with bread and fresh vegetables.
Zesty Lemon Chicken;Lunch;1;instructions
Spicy Shrimp Tacos;Lunch;1.5;instructions
Heavenly Chocolate Cake;Dessert;2;instructions
Creamy Mushroom Risotto;Dinner;1.5;instructions
Fresh Fruit Salad;Lunch;0.5;instructions
Classic Beef Stew;Dinner;2.5;instructions
Veggie Stir-Fry;Dinner;1;instructions
Creamy Tomato Basil Soup;Dinner;1.5;instructions
Grilled Vegetable Medley;Lunch;1;instructions
